"","State_Id","treatment","Year","Vaping_Ban","Lung_Hospitalizations"
"1",1,"1",2010,0,111571
"2",1,"1",2011,0,111594
"3",1,"1",2012,0,109955
"4",1,"1",2013,0,110817
"5",1,"1",2014,0,110915
"6",1,"1",2015,0,110875
"7",1,"1",2016,0,111107
"8",1,"1",2017,0,110967
"9",1,"1",2018,0,110534
"10",1,"1",2019,0,110681
"11",1,"1",2020,0,111437
"12",1,"1",2021,1,107443
"13",1,"1",2022,1,107826
"14",1,"1",2023,1,106881
"15",1,"1",2024,1,107241
"16",1,"1",2025,1,107350
"17",1,"1",2026,1,107839
"18",1,"1",2027,1,107160
"19",1,"1",2028,1,107291
"20",1,"1",2029,1,108487
"21",1,"1",2030,1,107860
"22",2,"1",2010,0,110415
"23",2,"1",2011,0,109765
"24",2,"1",2012,0,110411
"25",2,"1",2013,0,110387
"26",2,"1",2014,0,110602
"27",2,"1",2015,0,110513
"28",2,"1",2016,0,111182
"29",2,"1",2017,0,110526
"30",2,"1",2018,0,110875
"31",2,"1",2019,0,110024
"32",2,"1",2020,0,111874
"33",2,"1",2021,1,107058
"34",2,"1",2022,1,106458
"35",2,"1",2023,1,107739
"36",2,"1",2024,1,107605
"37",2,"1",2025,1,107162
"38",2,"1",2026,1,108027
"39",2,"1",2027,1,107144
"40",2,"1",2028,1,108554
"41",2,"1",2029,1,107517
"42",2,"1",2030,1,107722
"43",3,"1",2010,0,111372
"44",3,"1",2011,0,111930
"45",3,"1",2012,0,111123
"46",3,"1",2013,0,110731
"47",3,"1",2014,0,110255
"48",3,"1",2015,0,111038
"49",3,"1",2016,0,111143
"50",3,"1",2017,0,111077
"51",3,"1",2018,0,110564
"52",3,"1",2019,0,111979
"53",3,"1",2020,0,111143
"54",3,"1",2021,1,107270
"55",3,"1",2022,1,107255
"56",3,"1",2023,1,106947
"57",3,"1",2024,1,108148
"58",3,"1",2025,1,108633
"59",3,"1",2026,1,108437
"60",3,"1",2027,1,107924
"61",3,"1",2028,1,107408
"62",3,"1",2029,1,108495
"63",3,"1",2030,1,107775
"64",4,"1",2010,0,110704
"65",4,"1",2011,0,111066
"66",4,"1",2012,0,112421
"67",4,"1",2013,0,110608
"68",4,"1",2014,0,109671
"69",4,"1",2015,0,111303
"70",4,"1",2016,0,110745
"71",4,"1",2017,0,111967
"72",4,"1",2018,0,111446
"73",4,"1",2019,0,111902
"74",4,"1",2020,0,111597
"75",4,"1",2021,1,107336
"76",4,"1",2022,1,106940
"77",4,"1",2023,1,107404
"78",4,"1",2024,1,107074
"79",4,"1",2025,1,107652
"80",4,"1",2026,1,106527
"81",4,"1",2027,1,107866
"82",4,"1",2028,1,107180
"83",4,"1",2029,1,108029
"84",4,"1",2030,1,107535
"85",5,"1",2010,0,111991
"86",5,"1",2011,0,112148
"87",5,"1",2012,0,110986
"88",5,"1",2013,0,111002
"89",5,"1",2014,0,111498
"90",5,"1",2015,0,111291
"91",5,"1",2016,0,111782
"92",5,"1",2017,0,111547
"93",5,"1",2018,0,111660
"94",5,"1",2019,0,112013
"95",5,"1",2020,0,112002
"96",5,"1",2021,1,106979
"97",5,"1",2022,1,108017
"98",5,"1",2023,1,107488
"99",5,"1",2024,1,108098
"100",5,"1",2025,1,108490
"101",5,"1",2026,1,106907
"102",5,"1",2027,1,107768
"103",5,"1",2028,1,107951
"104",5,"1",2029,1,108479
"105",5,"1",2030,1,107894
"106",6,"1",2010,0,111031
"107",6,"1",2011,0,111395
"108",6,"1",2012,0,109795
"109",6,"1",2013,0,111750
"110",6,"1",2014,0,111096
"111",6,"1",2015,0,111359
"112",6,"1",2016,0,111063
"113",6,"1",2017,0,111368
"114",6,"1",2018,0,111755
"115",6,"1",2019,0,111614
"116",6,"1",2020,0,111758
"117",6,"1",2021,1,107228
"118",6,"1",2022,1,107361
"119",6,"1",2023,1,107449
"120",6,"1",2024,1,107652
"121",6,"1",2025,1,107685
"122",6,"1",2026,1,108250
"123",6,"1",2027,1,108925
"124",6,"1",2028,1,108219
"125",6,"1",2029,1,108320
"126",6,"1",2030,1,109403
"127",7,"1",2010,0,110507
"128",7,"1",2011,0,111250
"129",7,"1",2012,0,111204
"130",7,"1",2013,0,112754
"131",7,"1",2014,0,112181
"132",7,"1",2015,0,110848
"133",7,"1",2016,0,110598
"134",7,"1",2017,0,111471
"135",7,"1",2018,0,112642
"136",7,"1",2019,0,111560
"137",7,"1",2020,0,111988
"138",7,"1",2021,1,107920
"139",7,"1",2022,1,107762
"140",7,"1",2023,1,107372
"141",7,"1",2024,1,107848
"142",7,"1",2025,1,107113
"143",7,"1",2026,1,107411
"144",7,"1",2027,1,107970
"145",7,"1",2028,1,108135
"146",7,"1",2029,1,108407
"147",7,"1",2030,1,108648
"148",8,"1",2010,0,110693
"149",8,"1",2011,0,111604
"150",8,"1",2012,0,111115
"151",8,"1",2013,0,111909
"152",8,"1",2014,0,111322
"153",8,"1",2015,0,110626
"154",8,"1",2016,0,112200
"155",8,"1",2017,0,110951
"156",8,"1",2018,0,111541
"157",8,"1",2019,0,110836
"158",8,"1",2020,0,111938
"159",8,"1",2021,1,108207
"160",8,"1",2022,1,108129
"161",8,"1",2023,1,108430
"162",8,"1",2024,1,107589
"163",8,"1",2025,1,107178
"164",8,"1",2026,1,107706
"165",8,"1",2027,1,107823
"166",8,"1",2028,1,108091
"167",8,"1",2029,1,109046
"168",8,"1",2030,1,108429
"169",9,"1",2010,0,111651
"170",9,"1",2011,0,111502
"171",9,"1",2012,0,112356
"172",9,"1",2013,0,110912
"173",9,"1",2014,0,111545
"174",9,"1",2015,0,112603
"175",9,"1",2016,0,112370
"176",9,"1",2017,0,112584
"177",9,"1",2018,0,111902
"178",9,"1",2019,0,111784
"179",9,"1",2020,0,111868
"180",9,"1",2021,1,107743
"181",9,"1",2022,1,107899
"182",9,"1",2023,1,108705
"183",9,"1",2024,1,107704
"184",9,"1",2025,1,108079
"185",9,"1",2026,1,109366
"186",9,"1",2027,1,109394
"187",9,"1",2028,1,108783
"188",9,"1",2029,1,109756
"189",9,"1",2030,1,107724
"190",10,"1",2010,0,111492
"191",10,"1",2011,0,111749
"192",10,"1",2012,0,111929
"193",10,"1",2013,0,111792
"194",10,"1",2014,0,111772
"195",10,"1",2015,0,111694
"196",10,"1",2016,0,111039
"197",10,"1",2017,0,111080
"198",10,"1",2018,0,111198
"199",10,"1",2019,0,111348
"200",10,"1",2020,0,112814
"201",10,"1",2021,1,108007
"202",10,"1",2022,1,108501
"203",10,"1",2023,1,108154
"204",10,"1",2024,1,107798
"205",10,"1",2025,1,108692
"206",10,"1",2026,1,107460
"207",10,"1",2027,1,108868
"208",10,"1",2028,1,107939
"209",10,"1",2029,1,108336
"210",10,"1",2030,1,107458
"211",11,"1",2010,0,112041
"212",11,"1",2011,0,111560
"213",11,"1",2012,0,111677
"214",11,"1",2013,0,111403
"215",11,"1",2014,0,112353
"216",11,"1",2015,0,111439
"217",11,"1",2016,0,112131
"218",11,"1",2017,0,112633
"219",11,"1",2018,0,112228
"220",11,"1",2019,0,111950
"221",11,"1",2020,0,112207
"222",11,"1",2021,1,107483
"223",11,"1",2022,1,108659
"224",11,"1",2023,1,108364
"225",11,"1",2024,1,108519
"226",11,"1",2025,1,108195
"227",11,"1",2026,1,108221
"228",11,"1",2027,1,109018
"229",11,"1",2028,1,108895
"230",11,"1",2029,1,108788
"231",11,"1",2030,1,108428
"232",12,"1",2010,0,110904
"233",12,"1",2011,0,111947
"234",12,"1",2012,0,111773
"235",12,"1",2013,0,112267
"236",12,"1",2014,0,111818
"237",12,"1",2015,0,112077
"238",12,"1",2016,0,111790
"239",12,"1",2017,0,112559
"240",12,"1",2018,0,112948
"241",12,"1",2019,0,111672
"242",12,"1",2020,0,112545
"243",12,"1",2021,1,108629
"244",12,"1",2022,1,107554
"245",12,"1",2023,1,109031
"246",12,"1",2024,1,108003
"247",12,"1",2025,1,109289
"248",12,"1",2026,1,108624
"249",12,"1",2027,1,108827
"250",12,"1",2028,1,108136
"251",12,"1",2029,1,108453
"252",12,"1",2030,1,108027
"253",13,"1",2010,0,111027
"254",13,"1",2011,0,112698
"255",13,"1",2012,0,112351
"256",13,"1",2013,0,111389
"257",13,"1",2014,0,112322
"258",13,"1",2015,0,112511
"259",13,"1",2016,0,112709
"260",13,"1",2017,0,111975
"261",13,"1",2018,0,112505
"262",13,"1",2019,0,112301
"263",13,"1",2020,0,112184
"264",13,"1",2021,1,109013
"265",13,"1",2022,1,108156
"266",13,"1",2023,1,108295
"267",13,"1",2024,1,108240
"268",13,"1",2025,1,107691
"269",13,"1",2026,1,108738
"270",13,"1",2027,1,108536
"271",13,"1",2028,1,108441
"272",13,"1",2029,1,108463
"273",13,"1",2030,1,109230
"274",14,"1",2010,0,111960
"275",14,"1",2011,0,112203
"276",14,"1",2012,0,111710
"277",14,"1",2013,0,111766
"278",14,"1",2014,0,112723
"279",14,"1",2015,0,112735
"280",14,"1",2016,0,112656
"281",14,"1",2017,0,111481
"282",14,"1",2018,0,112934
"283",14,"1",2019,0,111298
"284",14,"1",2020,0,112242
"285",14,"1",2021,1,108858
"286",14,"1",2022,1,108751
"287",14,"1",2023,1,108554
"288",14,"1",2024,1,109194
"289",14,"1",2025,1,109102
"290",14,"1",2026,1,108230
"291",14,"1",2027,1,108067
"292",14,"1",2028,1,108502
"293",14,"1",2029,1,108871
"294",14,"1",2030,1,109734
"295",15,"1",2010,0,112943
"296",15,"1",2011,0,111544
"297",15,"1",2012,0,112344
"298",15,"1",2013,0,111925
"299",15,"1",2014,0,112850
"300",15,"1",2015,0,111994
"301",15,"1",2016,0,113024
"302",15,"1",2017,0,112467
"303",15,"1",2018,0,113892
"304",15,"1",2019,0,112238
"305",15,"1",2020,0,111957
"306",15,"1",2021,1,108139
"307",15,"1",2022,1,108994
"308",15,"1",2023,1,108586
"309",15,"1",2024,1,108611
"310",15,"1",2025,1,108352
"311",15,"1",2026,1,108904
"312",15,"1",2027,1,108772
"313",15,"1",2028,1,109013
"314",15,"1",2029,1,108820
"315",15,"1",2030,1,109027
"316",16,"1",2010,0,112109
"317",16,"1",2011,0,112401
"318",16,"1",2012,0,112029
"319",16,"1",2013,0,111638
"320",16,"1",2014,0,112446
"321",16,"1",2015,0,112526
"322",16,"1",2016,0,112485
"323",16,"1",2017,0,112603
"324",16,"1",2018,0,113480
"325",16,"1",2019,0,111823
"326",16,"1",2020,0,112688
"327",16,"1",2021,1,108559
"328",16,"1",2022,1,108516
"329",16,"1",2023,1,108664
"330",16,"1",2024,1,108139
"331",16,"1",2025,1,108748
"332",16,"1",2026,1,108851
"333",16,"1",2027,1,107981
"334",16,"1",2028,1,108666
"335",16,"1",2029,1,109012
"336",16,"1",2030,1,108863
"337",17,"1",2010,0,112826
"338",17,"1",2011,0,112735
"339",17,"1",2012,0,111464
"340",17,"1",2013,0,112911
"341",17,"1",2014,0,112245
"342",17,"1",2015,0,113318
"343",17,"1",2016,0,112325
"344",17,"1",2017,0,111860
"345",17,"1",2018,0,113297
"346",17,"1",2019,0,113233
"347",17,"1",2020,0,112579
"348",17,"1",2021,1,108882
"349",17,"1",2022,1,108860
"350",17,"1",2023,1,108324
"351",17,"1",2024,1,108674
"352",17,"1",2025,1,108984
"353",17,"1",2026,1,109443
"354",17,"1",2027,1,108309
"355",17,"1",2028,1,109255
"356",17,"1",2029,1,108703
"357",17,"1",2030,1,108734
"358",18,"1",2010,0,112116
"359",18,"1",2011,0,112293
"360",18,"1",2012,0,113458
"361",18,"1",2013,0,112438
"362",18,"1",2014,0,113701
"363",18,"1",2015,0,112756
"364",18,"1",2016,0,113325
"365",18,"1",2017,0,113869
"366",18,"1",2018,0,113006
"367",18,"1",2019,0,113189
"368",18,"1",2020,0,112999
"369",18,"1",2021,1,108702
"370",18,"1",2022,1,109180
"371",18,"1",2023,1,109189
"372",18,"1",2024,1,108633
"373",18,"1",2025,1,109243
"374",18,"1",2026,1,108448
"375",18,"1",2027,1,109096
"376",18,"1",2028,1,109049
"377",18,"1",2029,1,109321
"378",18,"1",2030,1,110037
"379",19,"1",2010,0,112867
"380",19,"1",2011,0,112352
"381",19,"1",2012,0,112358
"382",19,"1",2013,0,112531
"383",19,"1",2014,0,113329
"384",19,"1",2015,0,112269
"385",19,"1",2016,0,111472
"386",19,"1",2017,0,112205
"387",19,"1",2018,0,111997
"388",19,"1",2019,0,113283
"389",19,"1",2020,0,113039
"390",19,"1",2021,1,109188
"391",19,"1",2022,1,108371
"392",19,"1",2023,1,108882
"393",19,"1",2024,1,109301
"394",19,"1",2025,1,109776
"395",19,"1",2026,1,108560
"396",19,"1",2027,1,110075
"397",19,"1",2028,1,109598
"398",19,"1",2029,1,109129
"399",19,"1",2030,1,108823
"400",20,"1",2010,0,111002
"401",20,"1",2011,0,112496
"402",20,"1",2012,0,112533
"403",20,"1",2013,0,112320
"404",20,"1",2014,0,113254
"405",20,"1",2015,0,112844
"406",20,"1",2016,0,112951
"407",20,"1",2017,0,112539
"408",20,"1",2018,0,113509
"409",20,"1",2019,0,112624
"410",20,"1",2020,0,113607
"411",20,"1",2021,1,109106
"412",20,"1",2022,1,109134
"413",20,"1",2023,1,109873
"414",20,"1",2024,1,109590
"415",20,"1",2025,1,109128
"416",20,"1",2026,1,108412
"417",20,"1",2027,1,109691
"418",20,"1",2028,1,109583
"419",20,"1",2029,1,109190
"420",20,"1",2030,1,109703
"421",21,"1",2010,0,112686
"422",21,"1",2011,0,113106
"423",21,"1",2012,0,112347
"424",21,"1",2013,0,112919
"425",21,"1",2014,0,113156
"426",21,"1",2015,0,113546
"427",21,"1",2016,0,113141
"428",21,"1",2017,0,114788
"429",21,"1",2018,0,112681
"430",21,"1",2019,0,113309
"431",21,"1",2020,0,113565
"432",21,"1",2021,1,109875
"433",21,"1",2022,1,108746
"434",21,"1",2023,1,110416
"435",21,"1",2024,1,108029
"436",21,"1",2025,1,108896
"437",21,"1",2026,1,110352
"438",21,"1",2027,1,109331
"439",21,"1",2028,1,109989
"440",21,"1",2029,1,109305
"441",21,"1",2030,1,109305
"442",22,"1",2010,0,112458
"443",22,"1",2011,0,111797
"444",22,"1",2012,0,112656
"445",22,"1",2013,0,112902
"446",22,"1",2014,0,111599
"447",22,"1",2015,0,112758
"448",22,"1",2016,0,112819
"449",22,"1",2017,0,112961
"450",22,"1",2018,0,113921
"451",22,"1",2019,0,112966
"452",22,"1",2020,0,113177
"453",22,"1",2021,1,108352
"454",22,"1",2022,1,109502
"455",22,"1",2023,1,110728
"456",22,"1",2024,1,109074
"457",22,"1",2025,1,109495
"458",22,"1",2026,1,110067
"459",22,"1",2027,1,109845
"460",22,"1",2028,1,109919
"461",22,"1",2029,1,110523
"462",22,"1",2030,1,110216
"463",23,"1",2010,0,113945
"464",23,"1",2011,0,112427
"465",23,"1",2012,0,113007
"466",23,"1",2013,0,112414
"467",23,"1",2014,0,113169
"468",23,"1",2015,0,112917
"469",23,"1",2016,0,113082
"470",23,"1",2017,0,112538
"471",23,"1",2018,0,113766
"472",23,"1",2019,0,112118
"473",23,"1",2020,0,112677
"474",23,"1",2021,1,109282
"475",23,"1",2022,1,109847
"476",23,"1",2023,1,109432
"477",23,"1",2024,1,109885
"478",23,"1",2025,1,109466
"479",23,"1",2026,1,108214
"480",23,"1",2027,1,109876
"481",23,"1",2028,1,108908
"482",23,"1",2029,1,110718
"483",23,"1",2030,1,110790
"484",24,"0",2010,0,112655
"485",24,"0",2011,0,112671
"486",24,"0",2012,0,113022
"487",24,"0",2013,0,113110
"488",24,"0",2014,0,112924
"489",24,"0",2015,0,113269
"490",24,"0",2016,0,113058
"491",24,"0",2017,0,113692
"492",24,"0",2018,0,112062
"493",24,"0",2019,0,113478
"494",24,"0",2020,0,113180
"495",24,"0",2021,0,113508
"496",24,"0",2022,0,113530
"497",24,"0",2023,0,112790
"498",24,"0",2024,0,113885
"499",24,"0",2025,0,112748
"500",24,"0",2026,0,113333
"501",24,"0",2027,0,112501
"502",24,"0",2028,0,114694
"503",24,"0",2029,0,114384
"504",24,"0",2030,0,113202
"505",25,"0",2010,0,113788
"506",25,"0",2011,0,112909
"507",25,"0",2012,0,113258
"508",25,"0",2013,0,113107
"509",25,"0",2014,0,114195
"510",25,"0",2015,0,112965
"511",25,"0",2016,0,112318
"512",25,"0",2017,0,112678
"513",25,"0",2018,0,113703
"514",25,"0",2019,0,113578
"515",25,"0",2020,0,113909
"516",25,"0",2021,0,113911
"517",25,"0",2022,0,113308
"518",25,"0",2023,0,113736
"519",25,"0",2024,0,113704
"520",25,"0",2025,0,113886
"521",25,"0",2026,0,113289
"522",25,"0",2027,0,114013
"523",25,"0",2028,0,113182
"524",25,"0",2029,0,113009
"525",25,"0",2030,0,113531
"526",26,"0",2010,0,112569
"527",26,"0",2011,0,113093
"528",26,"0",2012,0,112525
"529",26,"0",2013,0,114260
"530",26,"0",2014,0,113431
"531",26,"0",2015,0,112364
"532",26,"0",2016,0,114335
"533",26,"0",2017,0,113538
"534",26,"0",2018,0,113294
"535",26,"0",2019,0,114163
"536",26,"0",2020,0,112725
"537",26,"0",2021,0,114125
"538",26,"0",2022,0,112458
"539",26,"0",2023,0,113383
"540",26,"0",2024,0,113670
"541",26,"0",2025,0,114232
"542",26,"0",2026,0,114074
"543",26,"0",2027,0,114157
"544",26,"0",2028,0,113444
"545",26,"0",2029,0,113979
"546",26,"0",2030,0,113908
"547",27,"0",2010,0,113843
"548",27,"0",2011,0,112884
"549",27,"0",2012,0,114535
"550",27,"0",2013,0,112863
"551",27,"0",2014,0,113633
"552",27,"0",2015,0,113047
"553",27,"0",2016,0,112979
"554",27,"0",2017,0,114171
"555",27,"0",2018,0,112807
"556",27,"0",2019,0,113349
"557",27,"0",2020,0,113232
"558",27,"0",2021,0,113817
"559",27,"0",2022,0,113661
"560",27,"0",2023,0,114409
"561",27,"0",2024,0,114360
"562",27,"0",2025,0,114472
"563",27,"0",2026,0,114490
"564",27,"0",2027,0,114227
"565",27,"0",2028,0,113558
"566",27,"0",2029,0,113229
"567",27,"0",2030,0,114207
"568",28,"0",2010,0,113237
"569",28,"0",2011,0,112004
"570",28,"0",2012,0,112755
"571",28,"0",2013,0,114272
"572",28,"0",2014,0,113507
"573",28,"0",2015,0,113657
"574",28,"0",2016,0,113586
"575",28,"0",2017,0,113311
"576",28,"0",2018,0,113422
"577",28,"0",2019,0,113972
"578",28,"0",2020,0,115365
"579",28,"0",2021,0,113308
"580",28,"0",2022,0,114172
"581",28,"0",2023,0,113815
"582",28,"0",2024,0,113723
"583",28,"0",2025,0,115321
"584",28,"0",2026,0,114428
"585",28,"0",2027,0,113637
"586",28,"0",2028,0,114162
"587",28,"0",2029,0,113267
"588",28,"0",2030,0,114457
"589",29,"0",2010,0,113915
"590",29,"0",2011,0,112977
"591",29,"0",2012,0,113330
"592",29,"0",2013,0,114027
"593",29,"0",2014,0,114027
"594",29,"0",2015,0,113086
"595",29,"0",2016,0,113096
"596",29,"0",2017,0,113578
"597",29,"0",2018,0,114010
"598",29,"0",2019,0,113880
"599",29,"0",2020,0,114548
"600",29,"0",2021,0,113147
"601",29,"0",2022,0,113509
"602",29,"0",2023,0,113564
"603",29,"0",2024,0,114870
"604",29,"0",2025,0,114032
"605",29,"0",2026,0,114105
"606",29,"0",2027,0,114183
"607",29,"0",2028,0,114280
"608",29,"0",2029,0,114568
"609",29,"0",2030,0,114579
"610",30,"0",2010,0,113215
"611",30,"0",2011,0,113667
"612",30,"0",2012,0,113063
"613",30,"0",2013,0,114604
"614",30,"0",2014,0,113593
"615",30,"0",2015,0,114541
"616",30,"0",2016,0,113772
"617",30,"0",2017,0,113946
"618",30,"0",2018,0,113710
"619",30,"0",2019,0,113249
"620",30,"0",2020,0,114225
"621",30,"0",2021,0,113629
"622",30,"0",2022,0,113587
"623",30,"0",2023,0,113492
"624",30,"0",2024,0,114317
"625",30,"0",2025,0,114383
"626",30,"0",2026,0,114186
"627",30,"0",2027,0,114063
"628",30,"0",2028,0,114792
"629",30,"0",2029,0,114784
"630",30,"0",2030,0,114833
"631",31,"0",2010,0,114234
"632",31,"0",2011,0,113606
"633",31,"0",2012,0,114384
"634",31,"0",2013,0,113686
"635",31,"0",2014,0,114204
"636",31,"0",2015,0,114373
"637",31,"0",2016,0,113473
"638",31,"0",2017,0,114495
"639",31,"0",2018,0,114161
"640",31,"0",2019,0,114335
"641",31,"0",2020,0,113764
"642",31,"0",2021,0,114038
"643",31,"0",2022,0,113846
"644",31,"0",2023,0,114188
"645",31,"0",2024,0,114066
"646",31,"0",2025,0,113390
"647",31,"0",2026,0,113960
"648",31,"0",2027,0,115344
"649",31,"0",2028,0,114395
"650",31,"0",2029,0,114282
"651",31,"0",2030,0,115302
"652",32,"0",2010,0,113888
"653",32,"0",2011,0,114054
"654",32,"0",2012,0,114005
"655",32,"0",2013,0,114044
"656",32,"0",2014,0,113569
"657",32,"0",2015,0,114427
"658",32,"0",2016,0,114015
"659",32,"0",2017,0,114122
"660",32,"0",2018,0,114410
"661",32,"0",2019,0,114305
"662",32,"0",2020,0,115232
"663",32,"0",2021,0,114783
"664",32,"0",2022,0,114009
"665",32,"0",2023,0,114892
"666",32,"0",2024,0,114092
"667",32,"0",2025,0,113683
"668",32,"0",2026,0,114806
"669",32,"0",2027,0,114710
"670",32,"0",2028,0,114556
"671",32,"0",2029,0,114977
"672",32,"0",2030,0,115251
"673",33,"0",2010,0,113599
"674",33,"0",2011,0,113202
"675",33,"0",2012,0,113740
"676",33,"0",2013,0,113881
"677",33,"0",2014,0,113729
"678",33,"0",2015,0,113777
"679",33,"0",2016,0,114128
"680",33,"0",2017,0,115414
"681",33,"0",2018,0,114416
"682",33,"0",2019,0,115082
"683",33,"0",2020,0,114365
"684",33,"0",2021,0,114067
"685",33,"0",2022,0,114337
"686",33,"0",2023,0,115534
"687",33,"0",2024,0,114040
"688",33,"0",2025,0,114539
"689",33,"0",2026,0,115341
"690",33,"0",2027,0,113743
"691",33,"0",2028,0,114674
"692",33,"0",2029,0,115132
"693",33,"0",2030,0,114491
"694",34,"0",2010,0,113732
"695",34,"0",2011,0,113687
"696",34,"0",2012,0,114512
"697",34,"0",2013,0,113918
"698",34,"0",2014,0,113648
"699",34,"0",2015,0,113784
"700",34,"0",2016,0,114123
"701",34,"0",2017,0,115102
"702",34,"0",2018,0,114457
"703",34,"0",2019,0,113928
"704",34,"0",2020,0,114231
"705",34,"0",2021,0,114756
"706",34,"0",2022,0,113983
"707",34,"0",2023,0,113806
"708",34,"0",2024,0,115334
"709",34,"0",2025,0,114407
"710",34,"0",2026,0,114654
"711",34,"0",2027,0,114827
"712",34,"0",2028,0,114735
"713",34,"0",2029,0,115468
"714",34,"0",2030,0,114574
"715",35,"0",2010,0,113716
"716",35,"0",2011,0,114099
"717",35,"0",2012,0,113542
"718",35,"0",2013,0,114862
"719",35,"0",2014,0,114593
"720",35,"0",2015,0,114505
"721",35,"0",2016,0,115323
"722",35,"0",2017,0,113859
"723",35,"0",2018,0,114183
"724",35,"0",2019,0,113844
"725",35,"0",2020,0,114501
"726",35,"0",2021,0,114587
"727",35,"0",2022,0,114161
"728",35,"0",2023,0,114598
"729",35,"0",2024,0,114627
"730",35,"0",2025,0,113621
"731",35,"0",2026,0,114539
"732",35,"0",2027,0,115212
"733",35,"0",2028,0,114358
"734",35,"0",2029,0,115629
"735",35,"0",2030,0,115475
"736",36,"0",2010,0,113896
"737",36,"0",2011,0,113248
"738",36,"0",2012,0,113501
"739",36,"0",2013,0,114494
"740",36,"0",2014,0,114545
"741",36,"0",2015,0,114246
"742",36,"0",2016,0,114035
"743",36,"0",2017,0,114727
"744",36,"0",2018,0,114809
"745",36,"0",2019,0,114539
"746",36,"0",2020,0,113876
"747",36,"0",2021,0,113985
"748",36,"0",2022,0,115064
"749",36,"0",2023,0,114744
"750",36,"0",2024,0,114606
"751",36,"0",2025,0,114836
"752",36,"0",2026,0,114738
"753",36,"0",2027,0,114648
"754",36,"0",2028,0,116177
"755",36,"0",2029,0,115288
"756",36,"0",2030,0,115187
"757",37,"0",2010,0,114616
"758",37,"0",2011,0,115757
"759",37,"0",2012,0,113892
"760",37,"0",2013,0,113470
"761",37,"0",2014,0,114147
"762",37,"0",2015,0,115177
"763",37,"0",2016,0,114476
"764",37,"0",2017,0,114336
"765",37,"0",2018,0,114336
"766",37,"0",2019,0,113958
"767",37,"0",2020,0,115452
"768",37,"0",2021,0,114714
"769",37,"0",2022,0,115149
"770",37,"0",2023,0,114918
"771",37,"0",2024,0,114524
"772",37,"0",2025,0,114405
"773",37,"0",2026,0,115566
"774",37,"0",2027,0,115198
"775",37,"0",2028,0,114311
"776",37,"0",2029,0,114994
"777",37,"0",2030,0,114844
"778",38,"0",2010,0,114290
"779",38,"0",2011,0,113735
"780",38,"0",2012,0,113978
"781",38,"0",2013,0,114649
"782",38,"0",2014,0,114097
"783",38,"0",2015,0,114287
"784",38,"0",2016,0,114885
"785",38,"0",2017,0,115097
"786",38,"0",2018,0,114225
"787",38,"0",2019,0,114108
"788",38,"0",2020,0,114810
"789",38,"0",2021,0,114668
"790",38,"0",2022,0,115315
"791",38,"0",2023,0,114772
"792",38,"0",2024,0,116083
"793",38,"0",2025,0,115610
"794",38,"0",2026,0,114853
"795",38,"0",2027,0,115396
"796",38,"0",2028,0,114213
"797",38,"0",2029,0,115082
"798",38,"0",2030,0,114686
"799",39,"0",2010,0,114478
"800",39,"0",2011,0,115043
"801",39,"0",2012,0,114407
"802",39,"0",2013,0,114812
"803",39,"0",2014,0,114696
"804",39,"0",2015,0,114892
"805",39,"0",2016,0,114131
"806",39,"0",2017,0,115057
"807",39,"0",2018,0,114655
"808",39,"0",2019,0,114973
"809",39,"0",2020,0,114820
"810",39,"0",2021,0,116317
"811",39,"0",2022,0,114739
"812",39,"0",2023,0,114165
"813",39,"0",2024,0,115416
"814",39,"0",2025,0,114246
"815",39,"0",2026,0,115235
"816",39,"0",2027,0,115047
"817",39,"0",2028,0,115589
"818",39,"0",2029,0,115474
"819",39,"0",2030,0,116664
"820",40,"0",2010,0,114145
"821",40,"0",2011,0,114060
"822",40,"0",2012,0,114737
"823",40,"0",2013,0,114120
"824",40,"0",2014,0,114670
"825",40,"0",2015,0,114474
"826",40,"0",2016,0,115062
"827",40,"0",2017,0,115462
"828",40,"0",2018,0,114976
"829",40,"0",2019,0,114996
"830",40,"0",2020,0,115260
"831",40,"0",2021,0,114605
"832",40,"0",2022,0,114819
"833",40,"0",2023,0,114380
"834",40,"0",2024,0,114915
"835",40,"0",2025,0,116169
"836",40,"0",2026,0,115609
"837",40,"0",2027,0,115935
"838",40,"0",2028,0,115353
"839",40,"0",2029,0,116230
"840",40,"0",2030,0,116154
"841",41,"0",2010,0,114549
"842",41,"0",2011,0,114744
"843",41,"0",2012,0,114585
"844",41,"0",2013,0,114624
"845",41,"0",2014,0,114823
"846",41,"0",2015,0,115305
"847",41,"0",2016,0,114327
"848",41,"0",2017,0,114901
"849",41,"0",2018,0,114489
"850",41,"0",2019,0,114813
"851",41,"0",2020,0,115381
"852",41,"0",2021,0,115734
"853",41,"0",2022,0,114813
"854",41,"0",2023,0,114897
"855",41,"0",2024,0,115272
"856",41,"0",2025,0,116033
"857",41,"0",2026,0,115784
"858",41,"0",2027,0,115780
"859",41,"0",2028,0,114849
"860",41,"0",2029,0,115817
"861",41,"0",2030,0,114909
"862",42,"0",2010,0,115090
"863",42,"0",2011,0,115906
"864",42,"0",2012,0,114776
"865",42,"0",2013,0,114966
"866",42,"0",2014,0,114153
"867",42,"0",2015,0,114909
"868",42,"0",2016,0,114176
"869",42,"0",2017,0,115135
"870",42,"0",2018,0,115270
"871",42,"0",2019,0,115289
"872",42,"0",2020,0,115413
"873",42,"0",2021,0,115891
"874",42,"0",2022,0,116359
"875",42,"0",2023,0,116081
"876",42,"0",2024,0,114964
"877",42,"0",2025,0,115190
"878",42,"0",2026,0,114848
"879",42,"0",2027,0,116266
"880",42,"0",2028,0,114220
"881",42,"0",2029,0,115891
"882",42,"0",2030,0,114515
"883",43,"0",2010,0,115038
"884",43,"0",2011,0,115560
"885",43,"0",2012,0,114904
"886",43,"0",2013,0,114813
"887",43,"0",2014,0,115641
"888",43,"0",2015,0,114299
"889",43,"0",2016,0,115139
"890",43,"0",2017,0,114565
"891",43,"0",2018,0,115155
"892",43,"0",2019,0,115492
"893",43,"0",2020,0,115538
"894",43,"0",2021,0,115297
"895",43,"0",2022,0,115545
"896",43,"0",2023,0,114765
"897",43,"0",2024,0,114986
"898",43,"0",2025,0,115690
"899",43,"0",2026,0,115090
"900",43,"0",2027,0,115548
"901",43,"0",2028,0,116063
"902",43,"0",2029,0,115946
"903",43,"0",2030,0,114922
"904",44,"0",2010,0,114373
"905",44,"0",2011,0,115233
"906",44,"0",2012,0,114839
"907",44,"0",2013,0,114601
"908",44,"0",2014,0,115630
"909",44,"0",2015,0,115581
"910",44,"0",2016,0,115199
"911",44,"0",2017,0,114043
"912",44,"0",2018,0,114774
"913",44,"0",2019,0,114776
"914",44,"0",2020,0,115082
"915",44,"0",2021,0,114549
"916",44,"0",2022,0,115567
"917",44,"0",2023,0,115683
"918",44,"0",2024,0,115670
"919",44,"0",2025,0,115942
"920",44,"0",2026,0,115815
"921",44,"0",2027,0,115369
"922",44,"0",2028,0,115597
"923",44,"0",2029,0,115989
"924",44,"0",2030,0,115748
"925",45,"0",2010,0,115162
"926",45,"0",2011,0,115028
"927",45,"0",2012,0,114693
"928",45,"0",2013,0,114634
"929",45,"0",2014,0,114661
"930",45,"0",2015,0,114023
"931",45,"0",2016,0,115390
"932",45,"0",2017,0,115041
"933",45,"0",2018,0,115058
"934",45,"0",2019,0,115580
"935",45,"0",2020,0,115384
"936",45,"0",2021,0,115139
"937",45,"0",2022,0,115645
"938",45,"0",2023,0,115514
"939",45,"0",2024,0,114990
"940",45,"0",2025,0,116150
"941",45,"0",2026,0,116557
"942",45,"0",2027,0,116531
"943",45,"0",2028,0,114996
"944",45,"0",2029,0,116811
"945",45,"0",2030,0,116547
"946",46,"0",2010,0,114732
"947",46,"0",2011,0,115352
"948",46,"0",2012,0,115085
"949",46,"0",2013,0,115842
"950",46,"0",2014,0,115363
"951",46,"0",2015,0,115999
"952",46,"0",2016,0,115778
"953",46,"0",2017,0,116071
"954",46,"0",2018,0,116058
"955",46,"0",2019,0,115388
"956",46,"0",2020,0,115115
"957",46,"0",2021,0,115056
"958",46,"0",2022,0,115128
"959",46,"0",2023,0,114787
"960",46,"0",2024,0,115739
"961",46,"0",2025,0,116268
"962",46,"0",2026,0,116345
"963",46,"0",2027,0,114795
"964",46,"0",2028,0,116006
"965",46,"0",2029,0,117009
"966",46,"0",2030,0,116391
"967",47,"0",2010,0,115035
"968",47,"0",2011,0,115447
"969",47,"0",2012,0,116115
"970",47,"0",2013,0,115542
"971",47,"0",2014,0,115590
"972",47,"0",2015,0,115335
"973",47,"0",2016,0,115872
"974",47,"0",2017,0,115836
"975",47,"0",2018,0,114207
"976",47,"0",2019,0,116166
"977",47,"0",2020,0,116047
"978",47,"0",2021,0,116141
"979",47,"0",2022,0,116838
"980",47,"0",2023,0,115311
"981",47,"0",2024,0,115354
"982",47,"0",2025,0,116463
"983",47,"0",2026,0,115694
"984",47,"0",2027,0,117058
"985",47,"0",2028,0,115988
"986",47,"0",2029,0,115977
"987",47,"0",2030,0,116401
"988",48,"0",2010,0,116028
"989",48,"0",2011,0,115931
"990",48,"0",2012,0,114840
"991",48,"0",2013,0,115086
"992",48,"0",2014,0,115690
"993",48,"0",2015,0,115679
"994",48,"0",2016,0,115287
"995",48,"0",2017,0,115482
"996",48,"0",2018,0,115361
"997",48,"0",2019,0,115261
"998",48,"0",2020,0,116046
"999",48,"0",2021,0,116756
"1000",48,"0",2022,0,115220
"1001",48,"0",2023,0,116593
"1002",48,"0",2024,0,115650
"1003",48,"0",2025,0,115633
"1004",48,"0",2026,0,116149
"1005",48,"0",2027,0,116366
"1006",48,"0",2028,0,117054
"1007",48,"0",2029,0,116854
"1008",48,"0",2030,0,116287
"1009",49,"0",2010,0,115382
"1010",49,"0",2011,0,115084
"1011",49,"0",2012,0,115699
"1012",49,"0",2013,0,114988
"1013",49,"0",2014,0,115229
"1014",49,"0",2015,0,115068
"1015",49,"0",2016,0,114572
"1016",49,"0",2017,0,115750
"1017",49,"0",2018,0,115760
"1018",49,"0",2019,0,115585
"1019",49,"0",2020,0,115471
"1020",49,"0",2021,0,115631
"1021",49,"0",2022,0,116081
"1022",49,"0",2023,0,116333
"1023",49,"0",2024,0,117012
"1024",49,"0",2025,0,116345
"1025",49,"0",2026,0,116308
"1026",49,"0",2027,0,116682
"1027",49,"0",2028,0,115515
"1028",49,"0",2029,0,115366
"1029",49,"0",2030,0,116877
"1030",50,"0",2010,0,116025
"1031",50,"0",2011,0,115184
"1032",50,"0",2012,0,115874
"1033",50,"0",2013,0,116081
"1034",50,"0",2014,0,115983
"1035",50,"0",2015,0,115799
"1036",50,"0",2016,0,115767
"1037",50,"0",2017,0,115286
"1038",50,"0",2018,0,116392
"1039",50,"0",2019,0,116262
"1040",50,"0",2020,0,116023
"1041",50,"0",2021,0,116319
"1042",50,"0",2022,0,116677
"1043",50,"0",2023,0,116511
"1044",50,"0",2024,0,116015
"1045",50,"0",2025,0,116557
"1046",50,"0",2026,0,117496
"1047",50,"0",2027,0,116628
"1048",50,"0",2028,0,115672
"1049",50,"0",2029,0,116590
"1050",50,"0",2030,0,116263
